Workbook

Sheet Baseline Summary (All Objects)
A1: Baseline Batch — Per-Object Summary (Mean, Min, Max, Std Dev, Std Error)
A2: N = number of fragments the object breaks into. Stats computed across all valid scored experiments (damage configs x views) per object. Automated objects (10): from aggregated_metrics.csv, excluding empty_gt_mask / empty_prediction / bad_alignment flagged rows. Manual objects (5: ramekin_cup, plate, mug, bowl, teapot): IoU uses the corrected 'No-SIFT' value where SIFT alignment failed (per the original experiment log's own convention, confirmed by matching the previously-reported means exactly); Dice is SIFT-based throughout since no alternative Dice value was recorded for those rows. ramekin_cup Dice is n=15 (one experiment had no Dice recorded).
A4: Object | B4: N (fragments) | C4: # Valid Experiments | D4: Mean IoU | E4: Min IoU | F4: Max IoU | G4: Std Dev IoU | H4: Std Error IoU | I4: Mean Dice | J4: Min Dice | K4: Max Dice | L4: Std Dev Dice | M4: Std Error Dice | N4: This Session — Marker Config Tested | O4: This Session — Marker Best IoU | P4: This Session — Marker Δ vs Baseline | Q4: This Session — AI Judge Config Tested | R4: This Session — AI Judge Best IoU | S4: This Session — AI Judge Δ vs Baseline (front)
A5: ramekin_cup | B5: 16 | C5: 16 | D5: 0.777 | E5: 0.271 | F5: 0.975 | G5: 0.218 | H5: 0.054 | I5: 0.819 | J5: 0 | K5: 0.987 | L5: 0.273 | M5: 0.07 | N5: — | O5: — | P5: — | Q5: — | R5: — | S5: —
A6: wine_glass | B6: 12 | C6: 12 | D6: 0.776 | E6: 0.596 | F6: 0.91 | G6: 0.088 | H6: 0.025 | I6: 0.871 | J6: 0.747 | K6: 0.953 | L6: 0.057 | M6: 0.017 | N6: — | O6: — | P6: — | Q6: — | R6: — | S6: —
A7: plate | B7: 16 | C7: 16 | D7: 0.76 | E7: 0.014 | F7: 0.971 | G7: 0.307 | H7: 0.077 | I7: 0.648 | J7: 0 | K7: 0.984 | L7: 0.365 | M7: 0.091 | N7: — | O7: — | P7: — | Q7: — | R7: — | S7: —
A8: beer_bottle | B8: 13 | C8: 13 | D8: 0.688 | E8: 0.22 | F8: 0.942 | G8: 0.231 | H8: 0.064 | I8: 0.791 | J8: 0.361 | K8: 0.97 | L8: 0.189 | M8: 0.053 | N8: neck_severe | O8: ='Marker Experiment'!F6 -> 0.819 | P8: ='Marker Experiment'!F6-'Marker Experiment'!D6 -> 0.130016 | Q8: neck_severe | R8: ='AI Judge Experiment'!H5 -> 0.735 | S8: ='AI Judge Experiment'!H5-'AI Judge Experiment'!D5 -> 0.046016
A9: wine_bottle | B9: 14 | C9: 14 | D9: 0.633 | E9: 0 | F9: 0.929 | G9: 0.246 | H9: 0.066 | I9: 0.741 | J9: 0 | K9: 0.963 | L9: 0.251 | M9: 0.067 | N9: neck_simple | O9: ='Marker Experiment'!F5 -> 0.671 | P9: ='Marker Experiment'!F5-'Marker Experiment'!D5 -> 0.046884 | Q9: neck_severe | R9: ='AI Judge Experiment'!H6 -> 0.781 | S9: ='AI Judge Experiment'!H6-'AI Judge Experiment'!D6 -> -0.093126
A10: bottle | B10: 10 | C10: 10 | D10: 0.604 | E10: 0.467 | F10: 0.739 | G10: 0.085 | H10: 0.027 | I10: 0.75 | J10: 0.637 | K10: 0.85 | L10: 0.065 | M10: 0.021 | N10: — | O10: — | P10: — | Q10: — | R10: — | S10: —
A11: mug | B11: 16 | C11: 16 | D11: 0.587 | E11: 0 | F11: 0.879 | G11: 0.293 | H11: 0.073 | I11: 0.677 | J11: 0 | K11: 0.935 | L11: 0.32 | M11: 0.08 | N11: — | O11: — | P11: — | Q11: — | R11: — | S11: —
A12: pill_bottle | B12: 12 | C12: 12 | D12: 0.528 | E12: 0 | F12: 0.876 | G12: 0.259 | H12: 0.075 | I12: 0.648 | J12: 0 | K12: 0.934 | L12: 0.283 | M12: 0.082 | N12: body_severe | O12: ='Marker Experiment'!F7 -> 0.544 | P12: ='Marker Experiment'!F7-'Marker Experiment'!D7 -> 0.01847 | Q12: — | R12: — | S12: —
A13: bowl | B13: 16 | C13: 16 | D13: 0.458 | E13: 0.001 | F13: 0.977 | G13: 0.368 | H13: 0.092 | I13: 0.504 | J13: 0.001 | K13: 0.988 | L13: 0.379 | M13: 0.095 | N13: — | O13: — | P13: — | Q13: — | R13: — | S13: —
A14: ring | B14: 11 | C14: 11 | D14: 0.429 | E14: 0 | F14: 0.901 | G14: 0.376 | H14: 0.113 | I14: 0.509 | J14: 0 | K14: 0.948 | L14: 0.387 | M14: 0.117 | N14: — | O14: — | P14: — | Q14: — | R14: — | S14: —
A15: drink_bottle | B15: 13 | C15: 13 | D15: 0.414 | E15: 0 | F15: 0.723 | G15: 0.205 | H15: 0.057 | I15: 0.555 | J15: 0 | K15: 0.839 | L15: 0.228 | M15: 0.063 | N15: neck_severe | O15: ='Marker Experiment'!F8 -> 0.517 | P15: ='Marker Experiment'!F8-'Marker Experiment'!D8 -> 0.136085 | Q15: — | R15: — | S15: —
A16: vase | B16: 13 | C16: 13 | D16: 0.371 | E16: 0 | F16: 0.855 | G16: 0.33 | H16: 0.092 | I16: 0.46 | J16: 0 | K16: 0.922 | L16: 0.373 | M16: 0.103 | N16: — | O16: — | P16: — | Q16: rim_severe | R16: ='AI Judge Experiment'!H7 -> 0.751 | S16: ='AI Judge Experiment'!H7-'AI Judge Experiment'!D7 -> 0.315127
A17: teapot | B17: 16 | C17: 16 | D17: 0.338 | E17: 0 | F17: 0.805 | G17: 0.235 | H17: 0.059 | I17: 0.446 | J17: 0 | K17: 0.892 | L17: 0.275 | M17: 0.069 | N17: handle_simple | O17: ='Marker Experiment'!F9 -> 0.747 | P17: ='Marker Experiment'!F9-'Marker Experiment'!D9 -> 0.337 | Q17: — | R17: — | S17: —
A18: spoon | B18: 12 | C18: 12 | D18: 0.226 | E18: 0.007 | F18: 0.624 | G18: 0.228 | H18: 0.066 | I18: 0.32 | J18: 0.014 | K18: 0.768 | L18: 0.285 | M18: 0.082 | N18: — | O18: — | P18: — | Q18: — | R18: — | S18: —
A19: drinking_utensil | B19: 10 | C19: 10 | D19: 0.156 | E19: 0 | F19: 0.615 | G19: 0.198 | H19: 0.063 | I19: 0.231 | J19: 0 | K19: 0.761 | L19: 0.259 | M19: 0.082 | N19: — | O19: — | P19: — | Q19: — | R19: — | S19: —
A21: New-work columns show this session's BEST result per object for each track (some objects had multiple configs tested — see 'Marker Experiment' and 'AI Judge Experiment' sheets for the full breakdown, including beer_bottle's two marker + two judge tests). '—' = not yet tested this session. wine_bottle's judge Δ is negative: the judge matched baseline's own default view rather than picking a different one, and a same-view rerun scored slightly lower — see AI Judge sheet notes for the reconstruction-variance finding behind that result.
A23: Manual-object alignment note: several experiments per object had a documented SIFT alignment failure (bowl: 3/16, mug: 1/16, plate: 7/16, ramekin_cup: 3/16, teapot: 1/16) where a corrected 'No-SIFT' IoU was manually computed instead. plate's high rate of alignment failures (44%) is notable and likely related to its low-texture, largely-flat geometry (limited SIFT keypoints) — similar in nature to the spoon low-texture alignment issue already documented for the automated batch.

Sheet Summary
A1: Fragment Repair Pipeline — Marker & AI-Judge Experiment Results
A2: Reporting metrics: IoU and Dice only, per project convention. Reconstruction shows real run-to-run variance (see Notes sheet) — single comparisons are directional, not conclusive.
A4: Track | B4: Data points | C4: Wins vs baseline | D4: Notes
A5: Shape-marker (smooth_outline) | B5: 6 | C5: 6 / 6 | D5: Consistent improvement across every clean test (beer_bottle x2, wine_bottle, pill_bottle, drink_bottle, teapot handle - teapot's is the largest relative gain of the track, nearly doubling baseline IoU)
A6: AI view judge | B6: 4 | C6: 1 clear win / 4 tests | D6: vase showed a substantial genuine win; others matched baseline's own view or were inconclusive due to reconstruction variance. Positional bias (judge favoring the first-shown image) is not yet ruled out — 3 of 4 tests picked view_0.

Sheet Marker Experiment
A1: Shape-Drawing Marker Experiment (smooth_outline) — Baseline vs Marker
A3: Object | B3: Damage Config | C3: View | D3: Baseline IoU | E3: Baseline Dice | F3: Marker IoU | G3: Marker Dice | H3: Δ IoU
A4: beer_bottle | B4: neck_simple | C4: front | D4: 0.395505 | E4: 0.566827 | F4: 0.473 | G4: not recorded | H4: =F4-D4 -> 0.077495
A5: wine_bottle | B5: neck_simple | C5: front | D5: 0.624116 | E5: 0.768561 | F5: 0.671 | G5: not recorded | H5: =F5-D5 -> 0.046884
A6: beer_bottle | B6: neck_severe | C6: front | D6: 0.688984 | E6: 0.815856 | F6: 0.819 | G6: not recorded | H6: =F6-D6 -> 0.130016
A7: pill_bottle | B7: body_severe | C7: view_1 (right) | D7: 0.52553 | E7: 0.68898 | F7: 0.544 | G7: 0.705 | H7: =F7-D7 -> 0.01847
A8: drink_bottle | B8: neck_severe | C8: front | D8: 0.380915 | E8: 0.551685 | F8: 0.517 | G8: 0.681 | H8: =F8-D8 -> 0.136085
A9: teapot | B9: handle_simple | C9: view1 | D9: 0.41 | E9: 0.582 | F9: 0.747 | G9: 0.856 | H9: =F9-D9 -> 0.337
A11: Dice not recorded for three earlier marker results (beer_bottle x2, wine_bottle neck_simple) — those sessions logged IoU only. pill_bottle and drink_bottle have full IoU+Dice from this session. All 'Marker IoU' values are the RAW (uncleaned) mask scores — see mask-extraction note below.
A12: Mask-extraction caveat: pill_bottle and drink_bottle masks both showed an 'edge-halo' artifact (alignment noise tracing a long object edge). A cleanup tool (mask_halo_diagnostic.py) was tested: it correctly fixed a similar issue on wine_bottle, but on drink_bottle it INCORRECTLY eroded part of the true fragment (cleaned IoU dropped from 0.517 to 0.413) and was discarded in favor of the raw score. IoU/Dice reported here are the trustworthy raw values in all cases.

Sheet AI Judge Experiment
A1: AI View Judge Experiment — Baseline vs Judge-Selected View
A3: Object | B3: Damage Config | C3: Baseline View (front) | D3: Baseline IoU (front) | E3: Baseline Dice (front) | F3: Best Baseline IoU (any view) | G3: Judge Chose | H3: Judge IoU | I3: Judge Dice | J3: Δ IoU vs front
A4: beer_bottle | B4: neck_simple | C4: front | D4: 0.395505 | E4: 0.566827 | F4: 0.778221 | G4: view_2 (back) | H4: 0.446 | I4: not recorded | J4: =H4-D4 -> 0.050495
A5: beer_bottle | B5: neck_severe | C5: front | D5: 0.688984 | E5: 0.815856 | F5: 0.821505 | G5: view_2 (back) | H5: 0.735 | I5: not recorded | J5: =H5-D5 -> 0.046016
A6: wine_bottle | B6: neck_severe | C6: front | D6: 0.874126 | E6: 0.932836 | F6: 0.929305 | G6: view_0 (front) | H6: 0.781 | I6: 0.877 | J6: =H6-D6 -> -0.093126
A7: vase | B7: rim_severe | C7: front | D7: 0.435873 | E7: 0.607119 | F7: 0.554169 | G7: view_0 (front) | H7: 0.751 | I7: 0.858 | J7: =H7-D7 -> 0.315127
A9: Per-row notes:
A10: beer_bottle / neck_simple: | B10: Judge picked a genuinely different, better view than front.
A11: beer_bottle / neck_severe: | B11: IoU range 0.71-0.76 reported across checks; large centroid-distance anomaly flagged (not fully resolved) despite IoU looking fine.
A12: wine_bottle / neck_severe: | B12: Judge matched baseline's own default view — not a genuine judge-vs-baseline test. Also revealed ~0.09 IoU swing on repeated runs of the identical view (reconstruction variance), separate from judge choice.
A13: vase / rim_severe: | B13: Strongest result of this track: judge's pick beat even the best available baseline view. User independently visually confirmed view_0 was the clearest shot of the damage.
A15: IMPORTANT — positional bias not yet ruled out: 3 of 4 judge tests picked the first-shown candidate image (view_0). vase's pick was independently visually confirmed as genuinely the clearest view, so content-sensitivity is real, but this doesn't rule out bias stacking on top. A stronger future test would shuffle candidate image order and see if the judge still defaults to whichever is shown first.
